{
  "IcoMoonType": "selection",
  "icons": [
    {
      "icon": {
        "paths": [
          "M678.4 512l-365.619-379.904c-13.722-13.824-13.722-36.198 0-50.125 13.722-13.824 35.891-13.824 49.613 0l400.896 404.89c13.722 13.875 13.722 36.301 0 50.125l-400.896 404.89c-13.722 13.875-35.891 13.824-49.613 0-13.722-13.773-13.722-36.198 0-50.125l365.619-379.75z"
        ],
        "attrs": [
          {}
        ],
        "isMulticolor": false,
        "isMulticolor2": false,
        "tags": [
          "chevron-thin-right"
        ],
        "grid": 20
      },
      "attrs": [
        {}
      ],
      "properties": {
        "order": 1,
        "id": 0,
        "prevSize": 20,
        "code": 59652,
        "name": "chevron-thin-right"
      },
      "setIdx": 1,
      "setId": 3,
      "iconIdx": 0
    },
    {
      "icon": {
        "paths": [
          "M768 298.667c23.125 0 42.667 19.541 42.667 42.667v298.667c0 23.125-19.541 42.667-42.667 42.667h-376.704l-7.296 7.296v-7.296h-128c-23.125 0-42.667-19.541-42.667-42.667v-298.667c0-23.125 19.541-42.667 42.667-42.667h512zM768 213.333h-512c-70.4 0-128 57.6-128 128v298.667c0 70.4 57.6 128 128 128h42.667v128l128-128h341.333c70.4 0 128-57.6 128-128v-298.667c0-70.4-57.6-128-128-128z"
        ],
        "attrs": [
          {}
        ],
        "isMulticolor": false,
        "isMulticolor2": false,
        "tags": [
          "message"
        ],
        "grid": 24
      },
      "attrs": [
        {}
      ],
      "properties": {
        "order": 1,
        "id": 0,
        "prevSize": 24,
        "code": 59649,
        "name": "message"
      },
      "setIdx": 3,
      "setId": 1,
      "iconIdx": 0
    },
    {
      "icon": {
        "paths": [
          "M384 928c0 53.019-42.981 96-96 96s-96-42.981-96-96c0-53.019 42.981-96 96-96s96 42.981 96 96z",
          "M1024 928c0 53.019-42.981 96-96 96s-96-42.981-96-96c0-53.019 42.981-96 96-96s96 42.981 96 96z",
          "M1024 512v-384h-768c0-35.346-28.654-64-64-64h-192v64h128l48.074 412.054c-29.294 23.458-48.074 59.5-48.074 99.946 0 70.696 57.308 128 128 128h768v-64h-768c-35.346 0-64-28.654-64-64 0-0.218 0.014-0.436 0.016-0.656l831.984-127.344z"
        ],
        "attrs": [],
        "isMulticolor": false,
        "tags": [
          "cart",
          "purchase",
          "ecommerce",
          "shopping"
        ],
        "grid": 16
      },
      "attrs": [],
      "properties": {
        "order": 10,
        "prevSize": 16,
        "ligatures": "cart, purchase",
        "name": "cart",
        "id": 59,
        "code": 59650
      },
      "setIdx": 4,
      "setId": 0,
      "iconIdx": 58
    },
    {
      "icon": {
        "paths": [
          "M768 0h-576c-35.2 0-64 28.798-64 64v896c0 35.2 28.798 64 64 64h576c35.2 0 64-28.8 64-64v-896c0-35.202-28.8-64-64-64zM480 977.782c-27.492 0-49.782-22.29-49.782-49.782s22.29-49.782 49.782-49.782 49.782 22.29 49.782 49.782-22.29 49.782-49.782 49.782zM768 832h-576v-704h576v704z"
        ],
        "attrs": [],
        "isMulticolor": false,
        "tags": [
          "mobile",
          "cell-phone",
          "handheld",
          "tablet",
          "phablet"
        ],
        "grid": 16
      },
      "attrs": [],
      "properties": {
        "order": 14,
        "prevSize": 16,
        "ligatures": "mobile2, cell-phone2",
        "name": "mobile2",
        "id": 90,
        "code": 59651
      },
      "setIdx": 4,
      "setId": 0,
      "iconIdx": 89
    },
    {
      "icon": {
        "paths": [
          "M512 192c-54.932 0-107.988 8.662-157.694 25.742-46.712 16.054-88.306 38.744-123.628 67.444-66.214 53.798-102.678 122.984-102.678 194.814 0 40.298 11.188 79.378 33.252 116.152 22.752 37.92 56.982 72.586 98.988 100.252 30.356 19.992 50.78 51.948 56.176 87.894 1.8 11.984 2.928 24.088 3.37 36.124 7.47-6.194 14.75-12.846 21.88-19.976 24.154-24.152 56.78-37.49 90.502-37.49 5.368 0 10.762 0.336 16.156 1.024 20.974 2.666 42.398 4.020 63.676 4.020 54.934 0 107.988-8.66 157.694-25.742 46.712-16.054 88.306-38.744 123.628-67.444 66.214-53.796 102.678-122.984 102.678-194.814s-36.464-141.016-102.678-194.814c-35.322-28.698-76.916-51.39-123.628-67.444-49.706-17.080-102.76-25.742-157.694-25.742zM512 64v0c282.77 0 512 186.25 512 416 0 229.752-229.23 416-512 416-27.156 0-53.81-1.734-79.824-5.044-109.978 109.978-241.25 129.7-368.176 132.596v-26.916c68.536-33.578 128-94.74 128-164.636 0-9.754-0.758-19.33-2.164-28.696-115.796-76.264-189.836-192.754-189.836-323.304 0-229.75 229.23-416 512-416z"
        ],
        "attrs": [],
        "isMulticolor": false,
        "tags": [
          "bubble",
          "comment",
          "chat",
          "talk"
        ],
        "grid": 16
      },
      "attrs": [],
      "properties": {
        "order": 21,
        "prevSize": 16,
        "ligatures": "bubble2, comment2",
        "name": "bubble2",
        "id": 111,
        "code": 59657
      },
      "setIdx": 4,
      "setId": 0,
      "iconIdx": 110
    },
    {
      "icon": {
        "paths": [
          "M992.262 871.396l-242.552-206.294c-25.074-22.566-51.89-32.926-73.552-31.926 57.256-67.068 91.842-154.078 91.842-249.176 0-212.078-171.922-384-384-384-212.076 0-384 171.922-384 384s171.922 384 384 384c95.098 0 182.108-34.586 249.176-91.844-1 21.662 9.36 48.478 31.926 73.552l206.294 242.552c35.322 39.246 93.022 42.554 128.22 7.356s31.892-92.898-7.354-128.22zM384 640c-141.384 0-256-114.616-256-256s114.616-256 256-256 256 114.616 256 256-114.614 256-256 256z"
        ],
        "attrs": [],
        "isMulticolor": false,
        "tags": [
          "search",
          "magnifier",
          "magnifying-glass",
          "inspect",
          "find"
        ],
        "grid": 16
      },
      "attrs": [],
      "properties": {
        "order": 11,
        "prevSize": 16,
        "ligatures": "search, magnifier",
        "name": "search",
        "id": 135,
        "code": 59653
      },
      "setIdx": 4,
      "setId": 0,
      "iconIdx": 134
    },
    {
      "icon": {
        "paths": [
          "M960 0l-448 128-448-128c0 0-4.5 51.698 0 128l448 140.090 448-140.090c4.498-76.302 0-128 0-128zM72.19 195.106c23.986 250.696 113.49 672.234 439.81 828.894 326.32-156.66 415.824-578.198 439.81-828.894l-439.81 165.358-439.81-165.358z"
        ],
        "attrs": [],
        "isMulticolor": false,
        "tags": [
          "shield",
          "security",
          "defense",
          "protection",
          "anti virus"
        ],
        "grid": 16
      },
      "attrs": [],
      "properties": {
        "order": 19,
        "prevSize": 16,
        "ligatures": "shield, security",
        "name": "shield",
        "id": 181,
        "code": 59656
      },
      "setIdx": 4,
      "setId": 0,
      "iconIdx": 180
    },
    {
      "icon": {
        "paths": [
          "M448 704h128v128h-128zM704 256c35.346 0 64 28.654 64 64v192l-192 128h-128v-64l192-128v-64h-320v-128h384zM512 96c-111.118 0-215.584 43.272-294.156 121.844s-121.844 183.038-121.844 294.156c0 111.118 43.272 215.584 121.844 294.156s183.038 121.844 294.156 121.844c111.118 0 215.584-43.272 294.156-121.844s121.844-183.038 121.844-294.156c0-111.118-43.272-215.584-121.844-294.156s-183.038-121.844-294.156-121.844zM512 0v0c282.77 0 512 229.23 512 512s-229.23 512-512 512c-282.77 0-512-229.23-512-512s229.23-512 512-512z"
        ],
        "attrs": [],
        "isMulticolor": false,
        "tags": [
          "question",
          "help",
          "support"
        ],
        "grid": 16
      },
      "attrs": [],
      "properties": {
        "order": 15,
        "prevSize": 16,
        "ligatures": "question, help",
        "name": "question",
        "id": 266,
        "code": 59654
      },
      "setIdx": 4,
      "setId": 0,
      "iconIdx": 265
    },
    {
      "icon": {
        "paths": [
          "M621.254 877.254l320-320c24.994-24.992 24.994-65.516 0-90.51l-320-320c-24.994-24.992-65.516-24.992-90.51 0-24.994 24.994-24.994 65.516 0 90.51l210.746 210.746h-613.49c-35.346 0-64 28.654-64 64s28.654 64 64 64h613.49l-210.746 210.746c-12.496 12.496-18.744 28.876-18.744 45.254s6.248 32.758 18.744 45.254c24.994 24.994 65.516 24.994 90.51 0z"
        ],
        "attrs": [],
        "isMulticolor": false,
        "tags": [
          "arrow-right",
          "right",
          "next"
        ],
        "grid": 16
      },
      "attrs": [],
      "properties": {
        "order": 20,
        "prevSize": 16,
        "ligatures": "arrow-right2, right4",
        "name": "arrow-right2",
        "id": 317,
        "code": 59659
      },
      "setIdx": 4,
      "setId": 0,
      "iconIdx": 316
    },
    {
      "icon": {
        "paths": [
          "M736.014 448c-8.908 0-17.77-3.698-24.096-10.928l-199.918-228.478-199.918 228.478c-11.636 13.3-31.856 14.65-45.154 3.010-13.3-11.638-14.648-31.854-3.010-45.154l224-256c6.076-6.944 14.854-10.928 24.082-10.928s18.006 3.984 24.082 10.928l224 256c11.638 13.3 10.292 33.516-3.010 45.154-6.070 5.312-13.582 7.918-21.058 7.918z"
        ],
        "attrs": [],
        "isMulticolor": false,
        "tags": [
          "ctrl",
          "control"
        ],
        "grid": 16
      },
      "attrs": [],
      "properties": {
        "order": 18,
        "prevSize": 16,
        "ligatures": "ctrl, control",
        "name": "ctrl",
        "id": 337,
        "code": 59655
      },
      "setIdx": 4,
      "setId": 0,
      "iconIdx": 336
    }
  ],
  "height": 1024,
  "metadata": {
    "name": "icomoon"
  },
  "preferences": {
    "showGlyphs": true,
    "showQuickUse": true,
    "showQuickUse2": true,
    "showSVGs": true,
    "fontPref": {
      "prefix": "icon-",
      "metadata": {
        "fontFamily": "icomoon"
      },
      "metrics": {
        "emSize": 1024,
        "baseline": 6.25,
        "whitespace": 50
      },
      "embed": false
    },
    "imagePref": {
      "prefix": "icon-",
      "png": true,
      "useClassSelector": true,
      "color": 0,
      "bgColor": 16777215,
      "classSelector": ".icon"
    },
    "historySize": 100,
    "showCodes": true,
    "gridSize": 16
  }
}